Workbook

Sheet Sheet1
A1: CustomerID | B1: TransactionDate | C1: TransactionAmount | D1: ProductCategory | E1: Quantity | F1: Location | G1: Channel | H1: AgeGroup | I1: Gender | J1: SignupDate | K1: CustomerType
A2: CUST0036 | B2: 2025-11-24 | C2: 1800.33 | D2: Electronics | E2: 1 | F2: Delhi | G2: Offline | H2: 46-55 | I2: Female | J2: 2025-11-10 | K2: New
A3: CUST0095 | B3: 2025-11-17 | C3: 1463.72 | D3: Furniture | E3: 5 | F3: Mumbai | G3: Offline | H3: 55+ | I3: Female | J3: 2025-10-31 | K3: New | N3: 2025 jan | O3: =(2025-1-1)-(2025-1-31) -> 30
A4: CUST0196 | B4: 2025-11-24 | C4: 3805.18 | D4: Beauty | E4: 1 | F4: Mumbai | G4: Offline | H4: 36-45 | I4: Female | J4: 2025-10-31 | K4: Returning
A5: CUST0173 | B5: 2025-11-05 | C5: 2925.68 | D5: Furniture | E5: 2 | F5: Chennai | G5: Offline | H5: 55+ | I5: Male | J5: 2025-10-23 | K5: Returning
A6: CUST0151 | B6: 2025-11-02 | C6: 191.06 | D6: Furniture | E6: 3 | F6: Delhi | G6: Online | H6: 36-45 | I6: Female | J6: 2025-10-22 | K6: New
A7: CUST0028 | B7: 2025-11-04 | C7: 1731.43 | D7: Sports | E7: 1 | F7: Hyderabad | G7: Offline | H7: 55+ | I7: Male | J7: 2025-10-21 | K7: Returning
A8: CUST0147 | B8: 2025-11-05 | C8: 3613.43 | D8: Sports | E8: 3 | F8: Hyderabad | G8: Online | H8: 26-35 | I8: Female | J8: 2025-10-20 | K8: New
A9: CUST0078 | B9: 2025-11-17 | C9: 3871.2 | D9: Groceries | E9: 4 | F9: Bangalore | G9: Offline | H9: 46-55 | I9: Female | J9: 2025-10-18 | K9: New
A10: CUST0183 | B10: 2025-11-15 | C10: 2876.7 | D10: Electronics | E10: 2 | F10: Bangalore | G10: Online | H10: 46-55 | I10: Female | J10: 2025-10-18 | K10: Returning
A11: CUST0139 | B11: 2025-11-07 | C11: 2310.41 | D11: Clothing | E11: 5 | F11: Bangalore | G11: Offline | H11: 46-55 | I11: Female | J11: 2025-10-17 | K11: New
A12: CUST0138 | B12: 2025-11-14 | C12: 4802.86 | D12: Beauty | E12: 2 | F12: Bangalore | G12: Offline | H12: 26-35 | I12: Female | J12: 2025-10-16 | K12: Returning
A13: CUST0003 | B13: 2025-11-12 | C13: 931.55 | D13: Electronics | E13: 1 | F13: Hyderabad | G13: Offline | H13: 46-55 | I13: Female | J13: 2025-10-16 | K13: New
A14: CUST0111 | B14: 2025-11-07 | C14: 2967.38 | D14: Electronics | E14: 3 | F14: Mumbai | G14: Online | H14: 46-55 | I14: Male | J14: 2025-10-15 | K14: New
A15: CUST0071 | B15: 2025-11-21 | C15: 3395.64 | D15: Sports | E15: 2 | F15: Bangalore | G15: Online | H15: 26-35 | I15: Female | J15: 2025-10-15 | K15: New
... A675: CUST0166 | B675: 2025-07-08 | C675: 1076.61 | D675: Electronics | E675: 4 | F675: Mumbai | G675: Online | H675: 26-35 | I675: Male | J675: 2025-04-12 | K675: Returning
A676: CUST0052 | B676: 2025-10-27 | C676: 394.73 | D676: Furniture | E676: 4 | F676: Delhi | G676: Offline | H676: 36-45 | I676: Male | J676: 2025-04-11 | K676: Returning | L676: =INDEX(Sheet1!$J:$J, MATCH(A676, Sheet1!$A:$A, 0)) -> 2025-09-06
A677: CUST0131 | B677: 2025-08-03 | C677: 2258.73 | D677: Sports | E677: 4 | F677: Chennai | G677: Online | H677: 55+ | I677: Male | J677: 2025-04-11 | K677: New
A678: CUST0065 | B678: 2025-09-28 | C678: 222.87 | D678: Electronics | E678: 2 | F678: Bangalore | G678: Online | H678: 36-45 | I678: Female | J678: 2025-04-11 | K678: New
A679: CUST0146 | B679: 2025-08-27 | C679: 489.78 | D679: Furniture | E679: 3 | F679: Mumbai | G679: Online | H679: 46-55 | I679: Female | J679: 2025-04-10 | K679: New
A680: CUST0107 | B680: 2025-08-14 | C680: 3073.15 | D680: Sports | E680: 1 | F680: Hyderabad | G680: Offline | H680: 18-25 | I680: Female | J680: 2025-04-10 | K680: New
A681: CUST0134 | B681: 2025-08-14 | C681: 3579.91 | D681: Furniture | E681: 2 | F681: Chennai | G681: Online | H681: 36-45 | I681: Male | J681: 2025-04-10 | K681: New
A682: CUST0032 | B682: 2025-06-14 | C682: 739.8 | D682: Sports | E682: 2 | F682: Hyderabad | G682: Online | H682: 36-45 | I682: Male | J682: 2025-04-10 | K682: Returning
A683: CUST0101 | B683: 2025-07-19 | C683: 4959.05 | D683: Sports | E683: 3 | F683: Hyderabad | G683: Online | H683: 46-55 | I683: Male | J683: 2025-04-10 | K683: Returning
A684: CUST0080 | B684: 2025-09-06 | C684: 1354.91 | D684: Furniture | E684: 5 | F684: Chennai | G684: Online | H684: 46-55 | I684: Male | J684: 2025-04-10 | K684: Returning
A685: CUST0057 | B685: 2025-08-11 | C685: 2297.78 | D685: Furniture | E685: 3 | F685: Mumbai | G685: Offline | H685: 26-35 | I685: Female | J685: 2025-04-10 | K685: New
A686: CUST0049 | B686: 2025-08-09 | C686: 3854.82 | D686: Furniture | E686: 2 | F686: Mumbai | G686: Online | H686: 36-45 | I686: Male | J686: 2025-04-10 | K686: Returning
A687: CUST0091 | B687: 2025-10-25 | C687: 4040.76 | D687: Sports | E687: 3 | F687: Mumbai | G687: Offline | H687: 55+ | I687: Male | J687: 2025-04-09 | K687: New
A688: CUST0169 | B688: 2025-06-06 | C688: 4385.04 | D688: Beauty | E688: 2 | F688: Chennai | G688: Online | H688: 36-45 | I688: Female | J688: 2025-04-09 | K688: Returning
... A1001: CUST0020 | B1001: 2025-06-03 | C1001: 3946.35 | D1001: Clothing | E1001: 2 | F1001: Hyderabad | G1001: Offline | H1001: 18-25 | I1001: Female | J1001: 2024-11-17 | K1001: Returning

Sheet Customer_RFM
A1: customerid | B1: recency | C1: frequency | D1: monetory | E1: R_Score | F1: F_Score | G1: M_Score | H1: RFM Score | I1: Segment
A2: {=_xlfn.UNIQUE(Sheet1!A2:A1002)} -> CUST0036 | B2: =TODAY()-Sheet1!B2 -> 3 | C2: =COUNTIFS(Sheet1!A2:A1001,A2) -> 5 | D2: 9241.01 | E2: {=_xlfn.IFS(B2<=30,5,B2<=60,4,B2<=90,3,B2<=120,2,TRUE,1)} -> 5 | F2: {=_xlfn.IFS(C2>=8,5,C2>=5,4,C2>=3,3,C2>=2,2,TRUE,1)} -> 4 | G2: {=_xlfn.IFS(D2>=15000,5,D2>=8000,4,D2>=3000,3,D2>=1000,2,TRUE,1)} -> 4 | H2: =E2&F2&G2 -> 544 | I2: {=_xlfn.IFS( H2="555","Champions", VALUE(LEFT(H2,2))>=54,"Loyal Customers", VALUE(LEFT(H2,1))>=4,"Potential Loyalists", VALUE(RIGHT(H2,2))>=45,"New Customers", VALUE(LEFT(H2,1))<=2,"At Risk", VALUE(LEFT(H2,1))<=1,"Can't Lose", TRUE,"Others" )} -> Loyal Customers
A3: CUST0095 | B3: =TODAY()-Sheet1!B3 -> 10 | C3: =COUNTIFS(Sheet1!A3:A1002,A3) -> 3 | D3: 16218.84 | E3: {=_xlfn.IFS(B3<=30,5,B3<=60,4,B3<=90,3,B3<=120,2,TRUE,1)} -> 5 | F3: {=_xlfn.IFS(C3>=8,5,C3>=5,4,C3>=3,3,C3>=2,2,TRUE,1)} -> 3 | G3: {=_xlfn.IFS(D3>=15000,5,D3>=8000,4,D3>=3000,3,D3>=1000,2,TRUE,1)} -> 5 | H3: =E3&F3&G3 -> 535 | I3: {=_xlfn.IFS( H3="555","Champions", VALUE(LEFT(H3,2))>=54,"Loyal Customers", VALUE(LEFT(H3,1))>=4,"Potential Loyalists", VALUE(RIGHT(H3,2))>=45,"New Customers", VALUE(LEFT(H3,1))<=2,"At Risk", VALUE(LEFT(H3,1))<=1,"Can't Lose", TRUE,"Others" )} -> Potential Loyalists
A4: CUST0196 | B4: =TODAY()-Sheet1!B4 -> 3 | C4: =COUNTIFS(Sheet1!A4:A1003,A4) -> 7 | D4: 24755.53 | E4: {=_xlfn.IFS(B4<=30,5,B4<=60,4,B4<=90,3,B4<=120,2,TRUE,1)} -> 5 | F4: {=_xlfn.IFS(C4>=8,5,C4>=5,4,C4>=3,3,C4>=2,2,TRUE,1)} -> 4 | G4: {=_xlfn.IFS(D4>=15000,5,D4>=8000,4,D4>=3000,3,D4>=1000,2,TRUE,1)} -> 5 | H4: =E4&F4&G4 -> 545 | I4: {=_xlfn.IFS( H4="555","Champions", VALUE(LEFT(H4,2))>=54,"Loyal Customers", VALUE(LEFT(H4,1))>=4,"Potential Loyalists", VALUE(RIGHT(H4,2))>=45,"New Customers", VALUE(LEFT(H4,1))<=2,"At Risk", VALUE(LEFT(H4,1))<=1,"Can't Lose", TRUE,"Others" )} -> Loyal Customers
A5: CUST0173 | B5: =TODAY()-Sheet1!B5 -> 22 | C5: =COUNTIFS(Sheet1!A5:A1004,A5) -> 8 | D5: 9619.45 | E5: {=_xlfn.IFS(B5<=30,5,B5<=60,4,B5<=90,3,B5<=120,2,TRUE,1)} -> 5 | F5: {=_xlfn.IFS(C5>=8,5,C5>=5,4,C5>=3,3,C5>=2,2,TRUE,1)} -> 5 | G5: {=_xlfn.IFS(D5>=15000,5,D5>=8000,4,D5>=3000,3,D5>=1000,2,TRUE,1)} -> 4 | H5: =E5&F5&G5 -> 554 | I5: {=_xlfn.IFS( H5="555","Champions", VALUE(LEFT(H5,2))>=54,"Loyal Customers", VALUE(LEFT(H5,1))>=4,"Potential Loyalists", VALUE(RIGHT(H5,2))>=45,"New Customers", VALUE(LEFT(H5,1))<=2,"At Risk", VALUE(LEFT(H5,1))<=1,"Can't Lose", TRUE,"Others" )} -> Loyal Customers
A6: CUST0151 | B6: =TODAY()-Sheet1!B6 -> 25 | C6: =COUNTIFS(Sheet1!A6:A1005,A6) -> 2 | D6: 19021.9 | E6: {=_xlfn.IFS(B6<=30,5,B6<=60,4,B6<=90,3,B6<=120,2,TRUE,1)} -> 5 | F6: {=_xlfn.IFS(C6>=8,5,C6>=5,4,C6>=3,3,C6>=2,2,TRUE,1)} -> 2 | G6: {=_xlfn.IFS(D6>=15000,5,D6>=8000,4,D6>=3000,3,D6>=1000,2,TRUE,1)} -> 5 | H6: =E6&F6&G6 -> 525 | I6: {=_xlfn.IFS( H6="555","Champions", VALUE(LEFT(H6,2))>=54,"Loyal Customers", VALUE(LEFT(H6,1))>=4,"Potential Loyalists", VALUE(RIGHT(H6,2))>=45,"New Customers", VALUE(LEFT(H6,1))<=2,"At Risk", VALUE(LEFT(H6,1))<=1,"Can't Lose", TRUE,"Others" )} -> Potential Loyalists
A7: CUST0028 | B7: =TODAY()-Sheet1!B7 -> 23 | C7: =COUNTIFS(Sheet1!A7:A1006,A7) -> 7 | D7: 22306.58 | E7: {=_xlfn.IFS(B7<=30,5,B7<=60,4,B7<=90,3,B7<=120,2,TRUE,1)} -> 5 | F7: {=_xlfn.IFS(C7>=8,5,C7>=5,4,C7>=3,3,C7>=2,2,TRUE,1)} -> 4 | G7: {=_xlfn.IFS(D7>=15000,5,D7>=8000,4,D7>=3000,3,D7>=1000,2,TRUE,1)} -> 5 | H7: =E7&F7&G7 -> 545 | I7: {=_xlfn.IFS( H7="555","Champions", VALUE(LEFT(H7,2))>=54,"Loyal Customers", VALUE(LEFT(H7,1))>=4,"Potential Loyalists", VALUE(RIGHT(H7,2))>=45,"New Customers", VALUE(LEFT(H7,1))<=2,"At Risk", VALUE(LEFT(H7,1))<=1,"Can't Lose", TRUE,"Others" )} -> Loyal Customers
A8: CUST0147 | B8: =TODAY()-Sheet1!B8 -> 22 | C8: =COUNTIFS(Sheet1!A8:A1007,A8) -> 7 | D8: 4046.4 | E8: {=_xlfn.IFS(B8<=30,5,B8<=60,4,B8<=90,3,B8<=120,2,TRUE,1)} -> 5 | F8: {=_xlfn.IFS(C8>=8,5,C8>=5,4,C8>=3,3,C8>=2,2,TRUE,1)} -> 4 | G8: {=_xlfn.IFS(D8>=15000,5,D8>=8000,4,D8>=3000,3,D8>=1000,2,TRUE,1)} -> 3 | H8: =E8&F8&G8 -> 543 | I8: {=_xlfn.IFS( H8="555","Champions", VALUE(LEFT(H8,2))>=54,"Loyal Customers", VALUE(LEFT(H8,1))>=4,"Potential Loyalists", VALUE(RIGHT(H8,2))>=45,"New Customers", VALUE(LEFT(H8,1))<=2,"At Risk", VALUE(LEFT(H8,1))<=1,"Can't Lose", TRUE,"Others" )} -> Loyal Customers
A9: CUST0078 | B9: =TODAY()-Sheet1!B9 -> 10 | C9: =COUNTIFS(Sheet1!A9:A1008,A9) -> 5 | D9: 11218.89 | E9: {=_xlfn.IFS(B9<=30,5,B9<=60,4,B9<=90,3,B9<=120,2,TRUE,1)} -> 5 | F9: {=_xlfn.IFS(C9>=8,5,C9>=5,4,C9>=3,3,C9>=2,2,TRUE,1)} -> 4 | G9: {=_xlfn.IFS(D9>=15000,5,D9>=8000,4,D9>=3000,3,D9>=1000,2,TRUE,1)} -> 4 | H9: =E9&F9&G9 -> 544 | I9: {=_xlfn.IFS( H9="555","Champions", VALUE(LEFT(H9,2))>=54,"Loyal Customers", VALUE(LEFT(H9,1))>=4,"Potential Loyalists", VALUE(RIGHT(H9,2))>=45,"New Customers", VALUE(LEFT(H9,1))<=2,"At Risk", VALUE(LEFT(H9,1))<=1,"Can't Lose", TRUE,"Others" )} -> Loyal Customers
A10: CUST0183 | B10: =TODAY()-Sheet1!B10 -> 12 | C10: =COUNTIFS(Sheet1!A10:A1009,A10) -> 5 | D10: 9473.64 | E10: {=_xlfn.IFS(B10<=30,5,B10<=60,4,B10<=90,3,B10<=120,2,TRUE,1)} -> 5 | F10: {=_xlfn.IFS(C10>=8,5,C10>=5,4,C10>=3,3,C10>=2,2,TRUE,1)} -> 4 | G10: {=_xlfn.IFS(D10>=15000,5,D10>=8000,4,D10>=3000,3,D10>=1000,2,TRUE,1)} -> 4 | H10: =E10&F10&G10 -> 544 | I10: {=_xlfn.IFS( H10="555","Champions", VALUE(LEFT(H10,2))>=54,"Loyal Customers", VALUE(LEFT(H10,1))>=4,"Potential Loyalists", VALUE(RIGHT(H10,2))>=45,"New Customers", VALUE(LEFT(H10,1))<=2,"At Risk", VALUE(LEFT(H10,1))<=1,"Can't Lose", TRUE,"Others" )} -> Loyal Customers
A11: CUST0139 | B11: =TODAY()-Sheet1!B11 -> 20 | C11: =COUNTIFS(Sheet1!A11:A1010,A11) -> 6 | D11: 26656.27 | E11: {=_xlfn.IFS(B11<=30,5,B11<=60,4,B11<=90,3,B11<=120,2,TRUE,1)} -> 5 | F11: {=_xlfn.IFS(C11>=8,5,C11>=5,4,C11>=3,3,C11>=2,2,TRUE,1)} -> 4 | G11: {=_xlfn.IFS(D11>=15000,5,D11>=8000,4,D11>=3000,3,D11>=1000,2,TRUE,1)} -> 5 | H11: =E11&F11&G11 -> 545 | I11: {=_xlfn.IFS( H11="555","Champions", VALUE(LEFT(H11,2))>=54,"Loyal Customers", VALUE(LEFT(H11,1))>=4,"Potential Loyalists", VALUE(RIGHT(H11,2))>=45,"New Customers", VALUE(LEFT(H11,1))<=2,"At Risk", VALUE(LEFT(H11,1))<=1,"Can't Lose", TRUE,"Others" )} -> Loyal Customers
A12: CUST0138 | B12: =TODAY()-Sheet1!B12 -> 13 | C12: =COUNTIFS(Sheet1!A12:A1011,A12) -> 6 | D12: 14973.86 | E12: {=_xlfn.IFS(B12<=30,5,B12<=60,4,B12<=90,3,B12<=120,2,TRUE,1)} -> 5 | F12: {=_xlfn.IFS(C12>=8,5,C12>=5,4,C12>=3,3,C12>=2,2,TRUE,1)} -> 4 | G12: {=_xlfn.IFS(D12>=15000,5,D12>=8000,4,D12>=3000,3,D12>=1000,2,TRUE,1)} -> 4 | H12: =E12&F12&G12 -> 544 | I12: {=_xlfn.IFS( H12="555","Champions", VALUE(LEFT(H12,2))>=54,"Loyal Customers", VALUE(LEFT(H12,1))>=4,"Potential Loyalists", VALUE(RIGHT(H12,2))>=45,"New Customers", VALUE(LEFT(H12,1))<=2,"At Risk", VALUE(LEFT(H12,1))<=1,"Can't Lose", TRUE,"Others" )} -> Loyal Customers
A13: CUST0003 | B13: =TODAY()-Sheet1!B13 -> 15 | C13: =COUNTIFS(Sheet1!A13:A1012,A13) -> 9 | D13: 17526 | E13: {=_xlfn.IFS(B13<=30,5,B13<=60,4,B13<=90,3,B13<=120,2,TRUE,1)} -> 5 | F13: {=_xlfn.IFS(C13>=8,5,C13>=5,4,C13>=3,3,C13>=2,2,TRUE,1)} -> 5 | G13: {=_xlfn.IFS(D13>=15000,5,D13>=8000,4,D13>=3000,3,D13>=1000,2,TRUE,1)} -> 5 | H13: =E13&F13&G13 -> 555 | I13: {=_xlfn.IFS( H13="555","Champions", VALUE(LEFT(H13,2))>=54,"Loyal Customers", VALUE(LEFT(H13,1))>=4,"Potential Loyalists", VALUE(RIGHT(H13,2))>=45,"New Customers", VALUE(LEFT(H13,1))<=2,"At Risk", VALUE(LEFT(H13,1))<=1,"Can't Lose", TRUE,"Others" )} -> Champions
A14: CUST0111 | B14: =TODAY()-Sheet1!B14 -> 20 | C14: =COUNTIFS(Sheet1!A14:A1013,A14) -> 5 | D14: 15878.81 | E14: {=_xlfn.IFS(B14<=30,5,B14<=60,4,B14<=90,3,B14<=120,2,TRUE,1)} -> 5 | F14: {=_xlfn.IFS(C14>=8,5,C14>=5,4,C14>=3,3,C14>=2,2,TRUE,1)} -> 4 | G14: {=_xlfn.IFS(D14>=15000,5,D14>=8000,4,D14>=3000,3,D14>=1000,2,TRUE,1)} -> 5 | H14: =E14&F14&G14 -> 545 | I14: {=_xlfn.IFS( H14="555","Champions", VALUE(LEFT(H14,2))>=54,"Loyal Customers", VALUE(LEFT(H14,1))>=4,"Potential Loyalists", VALUE(RIGHT(H14,2))>=45,"New Customers", VALUE(LEFT(H14,1))<=2,"At Risk", VALUE(LEFT(H14,1))<=1,"Can't Lose", TRUE,"Others" )} -> Loyal Customers
... A200: CUST0089 | B200: =TODAY()-Sheet1!B200 -> 34 | C200: =COUNTIFS(Sheet1!A200:A1199,A200) -> 1 | D200: 8604.42 | E200: {=_xlfn.IFS(B200<=30,5,B200<=60,4,B200<=90,3,B200<=120,2,TRUE,1)} -> 4 | F200: {=_xlfn.IFS(C200>=8,5,C200>=5,4,C200>=3,3,C200>=2,2,TRUE,1)} -> 1 | G200: {=_xlfn.IFS(D200>=15000,5,D200>=8000,4,D200>=3000,3,D200>=1000,2,TRUE,1)} -> 4 | H200: =E200&F200&G200 -> 414 | I200: {=_xlfn.IFS( H200="555","Champions", VALUE(LEFT(H200,2))>=54,"Loyal Customers", VALUE(LEFT(H200,1))>=4,"Potential Loyalists", VALUE(RIGHT(H200,2))>=45,"New Customers", VALUE(LEFT(H200,1))<=2,"At Risk", VALUE(LEFT(H200,1))<=1,"Can't Lose", TRUE,"Others" )} -> Potential Loyalists
A201: 0

Sheet Segment analysis
A2: Champions | B2: =COUNTIF(Customer_RFM!I2:I200,A2) -> 9 | C2: =B2/SUM(B$2:B$8)*100 -> 4.5685279
A3: loyal customers | B3: =COUNTIF(Customer_RFM!I3:I200,A3) -> 51 | C3: =B3/SUM(B$2:B$8)*100 -> 25.888325
A4: potential loyalists | B4: =COUNTIF(Customer_RFM!I4:I201,A4) -> 90 | C4: =B4/SUM(B$2:B$8)*100 -> 45.685279
A5: new customers | B5: =COUNTIF(Customer_RFM!I5:I202,A5) -> 10 | C5: =B5/SUM(B$2:B$8)*100 -> 5.0761421
A6: at risk | B6: =COUNTIF(Customer_RFM!I6:I203,A6) -> 9 | C6: =B6/SUM(B$2:B$8)*100 -> 4.5685279
A7: Can't lose | B7: =COUNTIF(Customer_RFM!I7:I204,A7) -> 0 | C7: =B7/SUM(B$2:B$8)*100 -> 0
A8: others | B8: =COUNTIF(Customer_RFM!I8:I205,A8) -> 28 | C8: =B8/SUM(B$2:B$8)*100 -> 14.213198
A10: retention rate analysis
A11: total unique customers | B11: =COUNTA(Customer_RFM!A2:A200) -> 199
A12: new customers | B12: =COUNTIF(Customer_RFM!I:I,"new customers") -> 10
A13: returning customers | B13: =199-48 -> 151
A14: retention rate | B14: =151/199*100 -> 75.879397
F17: CUSTOMER SEGMENTS
B22: Row Labels | C22: Count of customerid
B23: At Risk | C23: 60
B24: Champions | C24: 5
B25: Loyal Customers | C25: 12
B26: New Customers | C26: 49
B27: Others | C27: 21
B28: Potential Loyalists | C28: 53
B29: Grand Total | C29: 200
D35: SEGMENT WISE MONEY DISTRIBUTION
B40: Row Labels | C40: Sum of monetory
B41: At Risk | C41: 504887.45
B42: Champions | C42: 108870.54
B43: Loyal Customers | C43: 171560.8
B44: New Customers | C44: 979029.13
B45: Others | C45: 184070.67
B46: Potential Loyalists | C46: 589492.67
B47: Grand Total | C47: 2537911.3
D60: SCATTER PLOT
D95: RETENTION RATE= 75.87
